{
  "threshold": 0.061060886499999995,
  "accuracy": 0.7731601731601732,
  "f1": 0.7749140893470791,
  "roc_auc": 0.8560649163246566,
  "pr_auc": 0.8696353705595,
  "n_train": 9238,
  "n_test": 2310
}